,Date,High,Low,Open,Close,NClose
0,2020-07-27,3280.0,3215.0,3260.0,3245.0,22715.849609375
1,2020-07-28,3375.0,3250.0,3270.0,3305.0,22657.380859375
2,2020-07-29,3320.0,3260.0,3270.0,3275.0,22397.109375
3,2020-07-30,3405.0,3315.0,3350.0,3345.0,22339.23046875
4,2020-07-31,3425.0,3320.0,3365.0,3320.0,21710.0
5,2020-08-03,3445.0,3360.0,3380.0,3365.0,22195.380859375
6,2020-08-04,3450.0,3405.0,3420.0,3430.0,22573.66015625
7,2020-08-05,3455.0,3405.0,3425.0,3445.0,22514.849609375
8,2020-08-06,3485.0,3435.0,3450.0,3480.0,22418.150390625
9,2020-08-07,3490.0,3405.0,3480.0,3465.0,22329.939453125
10,2020-08-11,3350.0,3170.0,3290.0,3320.0,22750.240234375
11,2020-08-12,3340.0,3160.0,3335.0,3180.0,22843.9609375
12,2020-08-13,3260.0,3185.0,3250.0,3195.0,23249.609375
13,2020-08-14,3200.0,3115.0,3195.0,3185.0,23289.359375
14,2020-08-17,3165.0,3120.0,3120.0,3145.0,23096.75
15,2020-08-18,3105.0,3025.0,3105.0,3065.0,23051.080078125
16,2020-08-19,3050.0,2966.0,3000.0,3025.0,23110.609375
17,2020-08-20,2973.0,2913.0,2965.0,2943.0,22880.619140625
18,2020-08-21,2988.0,2948.0,2958.0,2955.0,22920.30078125
19,2020-08-24,2976.0,2911.0,2955.0,2971.0,22985.509765625
20,2020-08-25,3015.0,2966.0,2997.0,2966.0,23296.76953125
21,2020-08-26,2974.0,2932.0,2973.0,2974.0,23290.859375
22,2020-08-27,3030.0,2961.0,2975.0,2965.0,23208.859375
23,2020-08-28,2935.0,2836.0,2927.0,2861.0,22882.650390625
24,2020-08-31,2889.0,2856.0,2887.0,2856.0,23139.759765625
25,2020-09-01,2898.0,2836.0,2865.0,2888.0,23138.0703125
26,2020-09-02,3015.0,2948.0,2950.0,2971.0,23247.150390625
27,2020-09-03,3080.0,3005.0,3075.0,3020.0,23465.529296875
28,2020-09-04,2982.0,2916.0,2940.0,2969.0,23205.4296875
29,2020-09-07,3010.0,2926.0,2950.0,2984.0,23089.94921875
30,2020-09-08,3035.0,2985.0,3020.0,3030.0,23274.130859375
31,2020-09-09,3020.0,2981.0,3015.0,3010.0,23032.5390625
32,2020-09-10,3115.0,3020.0,3035.0,3065.0,23235.470703125
33,2020-09-11,3145.0,3065.0,3110.0,3120.0,23406.490234375
34,2020-09-14,3175.0,3130.0,3130.0,3165.0,23559.30078125
35,2020-09-15,3165.0,3120.0,3140.0,3150.0,23454.890625
36,2020-09-16,3160.0,3130.0,3150.0,3145.0,23475.529296875
37,2020-09-17,3150.0,3090.0,3115.0,3150.0,23319.369140625
38,2020-09-18,3215.0,3155.0,3170.0,3215.0,23360.30078125
39,2020-09-23,3270.0,3190.0,3220.0,3265.0,23346.490234375
40,2020-09-24,3280.0,3220.0,3260.0,3250.0,23087.8203125
41,2020-09-25,3360.0,3240.0,3280.0,3330.0,23204.619140625
42,2020-09-28,3380.0,3315.0,3350.0,3365.0,23511.619140625
43,2020-09-29,3400.0,3350.0,3370.0,3365.0,23539.099609375
44,2020-09-30,3360.0,3265.0,3360.0,3290.0,23185.119140625
45,2020-10-02,3410.0,3315.0,3330.0,3375.0,23029.900390625
46,2020-10-05,3405.0,3330.0,3395.0,3380.0,23312.140625
47,2020-10-06,3475.0,3370.0,3420.0,3390.0,23433.73046875
48,2020-10-07,3440.0,3360.0,3380.0,3430.0,23422.8203125
49,2020-10-08,3545.0,3465.0,3470.0,3505.0,23647.0703125
50,2020-10-09,3580.0,3515.0,3550.0,3560.0,23619.689453125
51,2020-10-12,3600.0,3550.0,3585.0,3565.0,23558.689453125
52,2020-10-13,3710.0,3570.0,3580.0,3705.0,23601.779296875
53,2020-10-14,3720.0,3640.0,3675.0,3695.0,23626.73046875
54,2020-10-15,3760.0,3685.0,3695.0,3705.0,23507.23046875
55,2020-10-16,3720.0,3645.0,3700.0,3685.0,23410.630859375
56,2020-10-19,3865.0,3715.0,3735.0,3840.0,23671.130859375
57,2020-10-20,3940.0,3825.0,3830.0,3860.0,23567.0390625
58,2020-10-21,3935.0,3875.0,3885.0,3910.0,23639.4609375
59,2020-10-22,3970.0,3890.0,3890.0,3925.0,23474.26953125
60,2020-10-23,3915.0,3815.0,3915.0,3870.0,23516.58984375
61,2020-10-26,3980.0,3925.0,3955.0,3970.0,23494.33984375
62,2020-10-27,3960.0,3860.0,3915.0,3955.0,23485.80078125
63,2020-10-28,3975.0,3905.0,3955.0,3950.0,23418.509765625
64,2020-10-29,3935.0,3835.0,3880.0,3915.0,23331.939453125
65,2020-10-30,3890.0,3780.0,3850.0,3840.0,22977.130859375
66,2020-11-02,3815.0,3685.0,3815.0,3730.0,23295.48046875
67,2020-11-04,3825.0,3695.0,3800.0,3740.0,23695.23046875
68,2020-11-05,3880.0,3760.0,3765.0,3855.0,24105.279296875
69,2020-11-06,3920.0,3805.0,3855.0,3885.0,24325.23046875
70,2020-11-09,4060.0,3915.0,3950.0,4055.0,24839.83984375
71,2020-11-10,4150.0,3910.0,4100.0,3945.0,24905.58984375
72,2020-11-11,4095.0,3890.0,3950.0,4015.0,25349.599609375
73,2020-11-12,4145.0,4060.0,4100.0,4100.0,25520.880859375
74,2020-11-13,4070.0,3985.0,4055.0,4000.0,25385.869140625
75,2020-11-16,4135.0,4035.0,4085.0,4135.0,25906.9296875
76,2020-11-17,4220.0,4105.0,4170.0,4130.0,26014.619140625
77,2020-11-18,4240.0,4125.0,4170.0,4170.0,25728.140625
78,2020-11-19,4195.0,4110.0,4150.0,4180.0,25634.33984375
79,2020-11-20,4310.0,4165.0,4175.0,4310.0,25527.369140625
80,2020-11-24,4450.0,4345.0,4380.0,4415.0,26165.58984375
81,2020-11-25,4505.0,4450.0,4485.0,4460.0,26296.859375
82,2020-11-26,4655.0,4470.0,4475.0,4645.0,26537.310546875
83,2020-11-27,4705.0,4595.0,4680.0,4695.0,26644.7109375
84,2020-11-30,4815.0,4720.0,4775.0,4735.0,26433.619140625
85,2020-12-01,4830.0,4700.0,4755.0,4750.0,26787.5390625
86,2020-12-02,4780.0,4690.0,4760.0,4745.0,26800.98046875
87,2020-12-03,4755.0,4675.0,4730.0,4740.0,26809.369140625
88,2020-12-04,4735.0,4575.0,4700.0,4700.0,26751.240234375
89,2020-12-07,4760.0,4635.0,4730.0,4660.0,26547.439453125
90,2020-12-08,4770.0,4620.0,4655.0,4745.0,26467.080078125
91,2020-12-09,4815.0,4695.0,4710.0,4780.0,26817.939453125
92,2020-12-10,4685.0,4545.0,4685.0,4555.0,26756.240234375
93,2020-12-11,4620.0,4425.0,4560.0,4490.0,26652.51953125
94,2020-12-14,4615.0,4460.0,4510.0,4610.0,26732.439453125
95,2020-12-15,4660.0,4545.0,4645.0,4620.0,26687.83984375
96,2020-12-16,4760.0,4615.0,4710.0,4620.0,26757.400390625
97,2020-12-17,4775.0,4650.0,4665.0,4765.0,26806.669921875
98,2020-12-18,4740.0,4675.0,4730.0,4675.0,26763.390625
99,2020-12-21,4690.0,4580.0,4660.0,4640.0,26714.419921875
100,2020-12-22,4615.0,4510.0,4570.0,4525.0,26436.390625
101,2020-12-23,4670.0,4565.0,4605.0,4670.0,26524.7890625
102,2020-12-24,4735.0,4660.0,4685.0,4685.0,26668.349609375
103,2020-12-25,4680.0,4625.0,4680.0,4675.0,26656.609375
104,2020-12-28,4810.0,4685.0,4700.0,4810.0,26854.029296875
105,2020-12-29,4860.0,4760.0,4800.0,4855.0,27568.150390625
106,2020-12-30,4890.0,4785.0,4855.0,4835.0,27444.169921875
107,2021-01-04,4915.0,4770.0,4905.0,4835.0,27258.380859375
108,2021-01-05,5030.0,4820.0,4840.0,5020.0,27158.630859375
109,2021-01-06,5030.0,4900.0,4990.0,4925.0,27055.939453125
110,2021-01-07,4970.0,4875.0,4970.0,4920.0,27490.130859375
111,2021-01-08,5220.0,4970.0,5000.0,5190.0,28139.029296875
112,2021-01-12,5260.0,5030.0,5090.0,5220.0,28164.33984375
113,2021-01-13,5450.0,5170.0,5180.0,5450.0,28456.58984375
114,2021-01-14,5820.0,5470.0,5520.0,5580.0,28698.259765625
115,2021-01-15,5750.0,5360.0,5750.0,5460.0,28519.1796875
116,2021-01-18,5510.0,5330.0,5370.0,5450.0,28242.2109375
117,2021-01-19,5890.0,5610.0,5680.0,5870.0,28633.4609375
118,2021-01-20,6220.0,5980.0,6070.0,6100.0,28523.259765625
119,2021-01-21,6270.0,6050.0,6250.0,6250.0,28756.859375
120,2021-01-22,6210.0,5960.0,6150.0,6070.0,28631.44921875
121,2021-01-25,6060.0,5900.0,6010.0,6040.0,28822.2890625
122,2021-01-26,6190.0,6060.0,6070.0,6130.0,28546.1796875
123,2021-01-27,6220.0,6120.0,6140.0,6180.0,28635.2109375
124,2021-01-28,6230.0,5970.0,5980.0,6080.0,28197.419921875
125,2021-01-29,6370.0,6110.0,6200.0,6140.0,27663.390625
126,2021-02-01,6090.0,5900.0,5940.0,5990.0,28091.05078125
127,2021-02-02,6160.0,6010.0,6090.0,6150.0,28362.169921875
128,2021-02-03,6180.0,5980.0,6160.0,6040.0,28646.5
129,2021-02-04,6010.0,5800.0,5970.0,5890.0,28341.94921875
130,2021-02-05,5950.0,5680.0,5950.0,5820.0,28779.189453125
131,2021-02-08,5890.0,5590.0,5700.0,5870.0,29388.5
132,2021-02-09,5720.0,5430.0,5570.0,5720.0,29505.9296875
133,2021-02-10,5540.0,5380.0,5500.0,5440.0,29562.9296875
134,2021-02-12,5490.0,5370.0,5470.0,5470.0,29520.0703125
135,2021-02-15,5630.0,5480.0,5500.0,5630.0,30084.150390625
136,2021-02-16,5850.0,5680.0,5730.0,5770.0,30467.75
137,2021-02-17,5800.0,5570.0,5780.0,5680.0,30292.189453125
138,2021-02-18,5670.0,5520.0,5610.0,5590.0,30236.08984375
139,2021-02-19,5800.0,5500.0,5520.0,5780.0,30017.919921875
140,2021-02-22,5980.0,5790.0,5860.0,5840.0,30156.029296875
141,2021-02-24,5780.0,5510.0,5750.0,5510.0,29671.69921875
142,2021-02-25,5710.0,5510.0,5670.0,5590.0,30168.26953125
143,2021-02-26,5470.0,5260.0,5370.0,5260.0,28966.009765625
144,2021-03-01,5470.0,5320.0,5390.0,5350.0,29663.5
145,2021-03-02,5560.0,5370.0,5490.0,5400.0,29408.169921875
146,2021-03-03,5420.0,5260.0,5400.0,5330.0,29559.099609375
147,2021-03-04,5300.0,5090.0,5200.0,5190.0,28930.109375
148,2021-03-05,5370.0,5110.0,5160.0,5340.0,28864.3203125
149,2021-03-08,5450.0,5260.0,5440.0,5290.0,28743.25
150,2021-03-09,5320.0,5060.0,5200.0,5210.0,29027.939453125
151,2021-03-10,5440.0,5220.0,5360.0,5260.0,29036.560546875
152,2021-03-11,5300.0,5170.0,5210.0,5260.0,29211.640625
153,2021-03-12,5500.0,5320.0,5360.0,5480.0,29717.830078125
154,2021-03-15,5480.0,5320.0,5440.0,5400.0,29766.970703125
155,2021-03-16,5600.0,5450.0,5460.0,5560.0,29921.08984375
156,2021-03-17,5640.0,5480.0,5550.0,5530.0,29914.330078125
157,2021-03-18,5740.0,5570.0,5630.0,5670.0,30216.75
158,2021-03-19,5560.0,5450.0,5500.0,5520.0,29792.05078125
159,2021-03-22,5520.0,5410.0,5500.0,5500.0,29174.150390625
160,2021-03-23,5590.0,5420.0,5520.0,5420.0,28995.919921875
161,2021-03-24,5520.0,5390.0,5410.0,5430.0,28405.51953125
162,2021-03-25,5500.0,5370.0,5460.0,5380.0,28729.880859375
163,2021-03-26,5480.0,5380.0,5420.0,5440.0,29176.69921875
164,2021-03-29,5560.0,5400.0,5520.0,5430.0,29384.51953125
165,2021-03-30,5430.0,5330.0,5430.0,5370.0,29432.69921875
166,2021-03-31,5360.0,5200.0,5350.0,5200.0,29178.80078125
167,2021-04-01,5360.0,5240.0,5290.0,5330.0,29388.869140625
168,2021-04-02,5600.0,5400.0,5410.0,5570.0,29854.0
169,2021-04-05,5640.0,5510.0,5630.0,5510.0,30089.25
170,2021-04-06,5550.0,5480.0,5540.0,5480.0,29696.630859375
171,2021-04-07,5650.0,5430.0,5450.0,5620.0,29730.7890625
172,2021-04-08,5650.0,5490.0,5550.0,5630.0,29708.98046875
173,2021-04-09,5690.0,5600.0,5670.0,5610.0,29768.060546875
174,2021-04-12,5660.0,5480.0,5640.0,5490.0,29538.73046875
175,2021-04-13,5480.0,5370.0,5470.0,5390.0,29751.609375
176,2021-04-14,5430.0,5310.0,5410.0,5330.0,29620.990234375
177,2021-04-15,5340.0,5210.0,5320.0,5250.0,29642.689453125
178,2021-04-16,5310.0,5210.0,5300.0,5220.0,29683.369140625
179,2021-04-19,5300.0,5180.0,5210.0,5220.0,29685.369140625
180,2021-04-20,5180.0,5060.0,5160.0,5100.0,29100.380859375
181,2021-04-21,5050.0,4975.0,5010.0,4985.0,28508.55078125
182,2021-04-22,5110.0,4945.0,5060.0,5040.0,29188.169921875
183,2021-04-23,4990.0,4910.0,4950.0,4980.0,29020.630859375
184,2021-04-26,5050.0,4965.0,5000.0,4995.0,29126.23046875
185,2021-04-27,5170.0,5060.0,5060.0,5110.0,28991.890625
186,2021-04-28,5170.0,5090.0,5100.0,5150.0,29053.970703125
187,2021-04-30,5130.0,5000.0,5130.0,5020.0,28812.630859375
188,2021-05-06,5060.0,4980.0,5050.0,5000.0,29331.369140625
189,2021-05-07,5030.0,4940.0,4995.0,4965.0,29357.8203125
190,2021-05-10,5040.0,4970.0,4980.0,5000.0,29518.33984375
191,2021-05-11,4925.0,4745.0,4920.0,4750.0,28608.58984375
192,2021-05-12,4865.0,4540.0,4775.0,4605.0,28147.509765625
193,2021-05-13,4550.0,4405.0,4535.0,4415.0,27448.009765625
194,2021-05-14,4785.0,4600.0,4600.0,4770.0,28084.470703125
195,2021-05-17,4860.0,4555.0,4860.0,4615.0,27824.830078125
196,2021-05-18,4750.0,4585.0,4640.0,4680.0,28406.83984375
197,2021-05-19,4680.0,4555.0,4610.0,4595.0,28044.44921875
198,2021-05-20,4850.0,4730.0,4765.0,4820.0,28098.25
199,2021-05-21,4980.0,4860.0,4900.0,4895.0,28317.830078125
200,2021-05-24,5010.0,4840.0,4850.0,4970.0,28364.609375
201,2021-05-25,5100.0,5010.0,5060.0,5030.0,28553.98046875
202,2021-05-26,5150.0,5030.0,5030.0,5150.0,28642.189453125
203,2021-05-27,5170.0,5080.0,5120.0,5090.0,28549.009765625
204,2021-05-28,5260.0,5150.0,5150.0,5250.0,29149.41015625
205,2021-05-31,5280.0,5200.0,5220.0,5270.0,28860.080078125
206,2021-06-01,5370.0,5220.0,5300.0,5290.0,28814.33984375
207,2021-06-02,5280.0,5200.0,5260.0,5200.0,28946.140625
208,2021-06-03,5340.0,5220.0,5230.0,5310.0,29058.109375
209,2021-06-04,5370.0,5260.0,5290.0,5300.0,28941.51953125
210,2021-06-07,5470.0,5400.0,5440.0,5420.0,29019.240234375
211,2021-06-08,5500.0,5360.0,5430.0,5380.0,28963.560546875
212,2021-06-09,5330.0,5170.0,5320.0,5190.0,28860.80078125
213,2021-06-10,5250.0,5100.0,5120.0,5200.0,28958.560546875
214,2021-06-11,5270.0,5160.0,5240.0,5170.0,28948.73046875
215,2021-06-14,5350.0,5230.0,5260.0,5340.0,29161.80078125
216,2021-06-15,5560.0,5380.0,5390.0,5540.0,29441.30078125
217,2021-06-16,5610.0,5450.0,5460.0,5590.0,29291.009765625
218,2021-06-17,5560.0,5450.0,5540.0,5510.0,29018.330078125
219,2021-06-18,5650.0,5560.0,5640.0,5590.0,28964.080078125
220,2021-06-21,5470.0,5300.0,5450.0,5330.0,28010.9296875
221,2021-06-22,5460.0,5310.0,5430.0,5340.0,28884.130859375
222,2021-06-23,5390.0,5350.0,5380.0,5360.0,28874.890625
223,2021-06-24,5420.0,5320.0,5400.0,5420.0,28875.23046875
224,2021-06-25,5490.0,5370.0,5470.0,5440.0,29066.1796875
225,2021-06-28,5460.0,5380.0,5410.0,5430.0,29048.01953125
226,2021-06-29,5470.0,5380.0,5450.0,5430.0,28812.609375
227,2021-06-30,5570.0,5420.0,5420.0,5490.0,28791.529296875
228,2021-07-01,5530.0,5420.0,5520.0,5450.0,28707.0390625
229,2021-07-02,5480.0,5340.0,5360.0,5440.0,28783.279296875
230,2021-07-05,5590.0,5430.0,5490.0,5540.0,28598.189453125
231,2021-07-06,5640.0,5500.0,5510.0,5610.0,28643.2109375
232,2021-07-07,5660.0,5530.0,5560.0,5640.0,28366.94921875
233,2021-07-08,5630.0,5490.0,5590.0,5520.0,28118.029296875
234,2021-07-09,5510.0,5230.0,5470.0,5360.0,27940.419921875
235,2021-07-12,5510.0,5440.0,5480.0,5500.0,28569.01953125
236,2021-07-13,5550.0,5480.0,5510.0,5510.0,28718.240234375
237,2021-07-14,5640.0,5410.0,5470.0,5620.0,28608.490234375
238,2021-07-15,5650.0,5540.0,5570.0,5550.0,28279.08984375
239,2021-07-16,5550.0,5400.0,5520.0,5510.0,28003.080078125
240,2021-07-19,5440.0,5220.0,5410.0,5310.0,27652.740234375
241,2021-07-20,5320.0,5180.0,5260.0,5200.0,27388.16015625
242,2021-07-21,5300.0,5150.0,5270.0,5210.0,27548.0
243,2021-07-26,5430.0,5340.0,5360.0,5380.0,27833.2890625
244,2021-07-27,5500.0,5360.0,5380.0,5470.0,27970.220703125
245,2021-07-28,5540.0,5370.0,5420.0,5470.0,27581.66015625
246,2021-07-29,5670.0,5520.0,5530.0,5670.0,27782.419921875
247,2021-07-30,5780.0,5570.0,5720.0,5590.0,27283.58984375
248,2021-08-02,5790.0,5620.0,5630.0,5660.0,27781.01953125
249,2021-08-03,5720.0,5630.0,5650.0,5670.0,27641.830078125
250,2021-08-04,5670.0,5580.0,5610.0,5660.0,27584.080078125
251,2021-08-05,5710.0,5630.0,5640.0,5680.0,27728.119140625
252,2021-08-06,6030.0,5780.0,5780.0,6020.0,27820.0390625
253,2021-08-10,6180.0,5990.0,6060.0,6110.0,27888.150390625
254,2021-08-11,6130.0,5940.0,6060.0,6000.0,28070.509765625
255,2021-08-12,6100.0,5900.0,5960.0,5920.0,28015.01953125
256,2021-08-13,5980.0,5800.0,5980.0,5840.0,27977.150390625
257,2021-08-16,5860.0,5740.0,5850.0,5810.0,27523.189453125
258,2021-08-17,5890.0,5810.0,5830.0,5820.0,27424.470703125
259,2021-08-18,5950.0,5750.0,5760.0,5930.0,27585.91015625
260,2021-08-19,5970.0,5670.0,5830.0,5670.0,27281.169921875
261,2021-08-20,5770.0,5510.0,5700.0,5560.0,27013.25
262,2021-08-23,5720.0,5590.0,5590.0,5710.0,27494.240234375
263,2021-08-24,5850.0,5730.0,5730.0,5800.0,27732.099609375
264,2021-08-25,5930.0,5730.0,5830.0,5900.0,27724.80078125
265,2021-08-26,6030.0,5890.0,5980.0,5910.0,27742.2890625
266,2021-08-27,5990.0,5830.0,5860.0,5980.0,27641.140625
267,2021-08-30,6180.0,6040.0,6050.0,6160.0,27789.2890625
268,2021-08-31,6250.0,6070.0,6140.0,6240.0,28089.5390625
269,2021-09-01,6540.0,6260.0,6260.0,6530.0,28451.01953125
270,2021-09-02,6770.0,6620.0,6620.0,6660.0,28543.509765625
271,2021-09-03,6770.0,6620.0,6640.0,6740.0,29128.109375
272,2021-09-06,7060.0,6830.0,6860.0,7030.0,29659.890625
273,2021-09-07,7220.0,6940.0,7180.0,7070.0,29916.140625
274,2021-09-08,7130.0,6960.0,6990.0,7130.0,30181.2109375
275,2021-09-09,7070.0,6930.0,6980.0,6980.0,30008.189453125
276,2021-09-10,7250.0,6990.0,7030.0,7250.0,30381.83984375
277,2021-09-13,7350.0,7160.0,7200.0,7320.0,30447.369140625
278,2021-09-14,7570.0,7350.0,7380.0,7570.0,30670.099609375
279,2021-09-15,7610.0,7380.0,7450.0,7600.0,30511.7109375
280,2021-09-16,7710.0,7450.0,7680.0,7520.0,30323.33984375
281,2021-09-17,7710.0,7510.0,7530.0,7660.0,30500.05078125
282,2021-09-21,7470.0,7300.0,7300.0,7390.0,29839.7109375
283,2021-09-22,7350.0,7150.0,7350.0,7200.0,29639.400390625
284,2021-09-24,7440.0,7230.0,7440.0,7320.0,30248.810546875
285,2021-09-27,7310.0,7170.0,7290.0,7230.0,30240.060546875
286,2021-09-28,7130.0,6970.0,7130.0,7080.0,30183.9609375
287,2021-09-29,6920.0,6670.0,6820.0,6740.0,29544.2890625
288,2021-09-30,6780.0,6490.0,6750.0,6610.0,29452.66015625
289,2021-10-01,6690.0,6410.0,6550.0,6450.0,28771.0703125
290,2021-10-04,6560.0,6080.0,6550.0,6200.0,28444.890625
291,2021-10-05,6180.0,5820.0,6000.0,6180.0,27822.119140625
292,2021-10-06,6360.0,5930.0,6170.0,6010.0,27528.869140625
293,2021-10-07,6300.0,6100.0,6160.0,6150.0,27678.2109375
294,2021-10-08,6310.0,6060.0,6230.0,6070.0,28048.939453125
295,2021-10-11,6130.0,5850.0,6010.0,6070.0,28498.19921875
296,2021-10-12,6140.0,6020.0,6130.0,6040.0,28230.609375
297,2021-10-13,5890.0,5670.0,5850.0,5670.0,28140.279296875
298,2021-10-14,5810.0,5630.0,5750.0,5720.0,28550.9296875
299,2021-10-15,5920.0,5770.0,5840.0,5920.0,29068.630859375
300,2021-10-18,6030.0,5840.0,5940.0,5870.0,29025.4609375
301,2021-10-19,5770.0,5610.0,5670.0,5750.0,29215.51953125
302,2021-10-20,5800.0,5560.0,5750.0,5590.0,29255.55078125
303,2021-10-21,5660.0,5490.0,5510.0,5550.0,28708.580078125
304,2021-10-22,5600.0,5480.0,5560.0,5530.0,28804.849609375
305,2021-10-25,5550.0,5430.0,5470.0,5540.0,28600.41015625
306,2021-10-26,5660.0,5580.0,5610.0,5620.0,29106.009765625
307,2021-10-27,5680.0,5540.0,5650.0,5560.0,29098.240234375
308,2021-10-28,5690.0,5560.0,5580.0,5680.0,28820.08984375
309,2021-10-29,5800.0,5660.0,5800.0,5750.0,28892.689453125
310,2021-11-01,5770.0,5630.0,5760.0,5700.0,29647.080078125
311,2021-11-02,5750.0,5640.0,5700.0,5660.0,29520.900390625
312,2021-11-04,5900.0,5740.0,5760.0,5900.0,29794.369140625
313,2021-11-05,6050.0,5730.0,6030.0,5800.0,29611.5703125
314,2021-11-08,5990.0,5660.0,5990.0,5920.0,29507.05078125
315,2021-11-09,6290.0,5880.0,5900.0,6140.0,29285.4609375
316,2021-11-10,6200.0,6060.0,6080.0,6090.0,29106.779296875
317,2021-11-11,6130.0,5970.0,6050.0,6120.0,29277.859375
318,2021-11-12,6330.0,6080.0,6180.0,6280.0,29609.970703125
319,2021-11-15,6470.0,6350.0,6350.0,6430.0,29776.80078125
320,2021-11-16,6480.0,6340.0,6430.0,6440.0,29808.119140625
321,2021-11-17,6600.0,6450.0,6470.0,6560.0,29688.330078125
322,2021-11-18,6640.0,6340.0,6610.0,6430.0,29598.66015625
323,2021-11-19,6870.0,6450.0,6450.0,6870.0,29745.869140625
324,2021-11-22,6930.0,6760.0,6810.0,6880.0,29774.109375
325,2021-11-24,6810.0,6620.0,6750.0,6730.0,29302.66015625
326,2021-11-25,6830.0,6730.0,6790.0,6730.0,29499.279296875
327,2021-11-26,6700.0,6390.0,6700.0,6490.0,28751.619140625
328,2021-11-29,6500.0,6280.0,6320.0,6320.0,28283.919921875
329,2021-11-30,6520.0,6250.0,6500.0,6260.0,27821.759765625
330,2021-12-01,6450.0,6210.0,6380.0,6330.0,27935.619140625
331,2021-12-02,6490.0,6060.0,6300.0,6130.0,27753.369140625
332,2021-12-03,6180.0,5940.0,6120.0,6170.0,28029.5703125
333,2021-12-06,6150.0,6060.0,6130.0,6110.0,27927.369140625
334,2021-12-07,6260.0,6060.0,6190.0,6230.0,28455.599609375
335,2021-12-08,6570.0,6350.0,6380.0,6550.0,28860.619140625
336,2021-12-09,6720.0,6470.0,6480.0,6660.0,28725.470703125
337,2021-12-10,6700.0,6560.0,6610.0,6580.0,28437.76953125
338,2021-12-13,6730.0,6530.0,6690.0,6570.0,28640.490234375
339,2021-12-14,6550.0,6420.0,6490.0,6470.0,28432.640625
340,2021-12-15,6510.0,6350.0,6400.0,6500.0,28459.720703125
341,2021-12-16,6730.0,6590.0,6720.0,6660.0,29066.3203125
342,2021-12-17,6580.0,6430.0,6500.0,6460.0,28545.6796875
343,2021-12-20,6440.0,6270.0,6360.0,6300.0,27937.810546875
344,2021-12-21,6490.0,6340.0,6440.0,6490.0,28517.58984375
345,2021-12-22,6520.0,6410.0,6440.0,6510.0,28562.2109375
346,2021-12-23,6630.0,6550.0,6610.0,6620.0,28798.369140625
347,2021-12-24,6700.0,6610.0,6650.0,6650.0,28782.58984375
348,2021-12-27,6680.0,6580.0,6670.0,6630.0,28676.4609375
349,2021-12-28,6710.0,6650.0,6700.0,6700.0,29069.16015625
350,2021-12-29,6680.0,6520.0,6650.0,6600.0,28906.880859375
351,2021-12-30,6650.0,6510.0,6570.0,6620.0,28791.7109375
352,2022-01-04,6880.0,6660.0,6720.0,6800.0,29301.7890625
353,2022-01-05,7050.0,6730.0,6730.0,7030.0,29332.16015625
354,2022-01-06,6880.0,6620.0,6880.0,6650.0,28487.869140625
355,2022-01-07,6820.0,6630.0,6730.0,6700.0,28478.560546875
356,2022-01-11,6710.0,6350.0,6700.0,6380.0,28222.48046875
357,2022-01-12,6570.0,6420.0,6480.0,6530.0,28765.66015625
358,2022-01-13,6660.0,6470.0,6530.0,6510.0,28489.130859375
359,2022-01-14,6320.0,6170.0,6310.0,6260.0,28124.279296875
360,2022-01-17,6420.0,6220.0,6300.0,6350.0,28333.51953125
361,2022-01-18,6580.0,6370.0,6390.0,6420.0,28257.25
362,2022-01-19,6170.0,5980.0,6150.0,6000.0,27467.23046875
363,2022-01-20,5960.0,5750.0,5900.0,5860.0,27772.9296875
364,2022-01-21,5690.0,5560.0,5660.0,5650.0,27522.259765625
365,2022-01-24,5660.0,5440.0,5570.0,5620.0,27588.369140625
366,2022-01-25,5670.0,5470.0,5610.0,5530.0,27131.33984375
367,2022-01-26,5510.0,5300.0,5510.0,5460.0,27011.330078125
368,2022-01-27,5540.0,5110.0,5530.0,5160.0,26170.30078125
369,2022-01-28,5300.0,5120.0,5260.0,5280.0,26717.33984375
370,2022-01-31,5550.0,5260.0,5310.0,5480.0,27001.98046875
371,2022-02-01,5830.0,5640.0,5750.0,5700.0,27078.48046875
372,2022-02-02,5930.0,5670.0,5780.0,5900.0,27533.599609375
373,2022-02-03,5880.0,5660.0,5760.0,5710.0,27241.310546875
374,2022-02-04,5820.0,5590.0,5610.0,5820.0,27439.990234375
375,2022-02-07,5320.0,5130.0,5280.0,5290.0,27248.869140625
376,2022-02-08,5340.0,5170.0,5230.0,5210.0,27284.51953125
377,2022-02-09,5390.0,5230.0,5290.0,5370.0,27579.869140625
378,2022-02-10,5470.0,5310.0,5440.0,5340.0,27696.080078125
379,2022-02-14,5240.0,5110.0,5140.0,5210.0,27079.58984375
380,2022-02-15,5260.0,5020.0,5240.0,5050.0,26865.189453125
381,2022-02-16,5250.0,5140.0,5210.0,5230.0,27460.400390625
382,2022-02-17,5340.0,5140.0,5280.0,5150.0,27232.869140625
383,2022-02-18,5200.0,5060.0,5060.0,5190.0,27122.0703125
384,2022-02-21,5150.0,4930.0,5020.0,5150.0,26910.869140625
385,2022-02-22,5080.0,4940.0,4970.0,5050.0,26449.609375
386,2022-02-24,5010.0,4850.0,4985.0,4910.0,25970.8203125
387,2022-02-25,5110.0,4985.0,5030.0,5110.0,26476.5
388,2022-02-28,5160.0,5010.0,5110.0,5100.0,26526.8203125
389,2022-03-01,5210.0,5100.0,5190.0,5130.0,26844.720703125
390,2022-03-02,5100.0,4990.0,5050.0,5040.0,26393.029296875
391,2022-03-03,5160.0,5070.0,5120.0,5090.0,26577.26953125
392,2022-03-04,5050.0,4860.0,5040.0,4930.0,25985.470703125
393,2022-03-07,4770.0,4600.0,4720.0,4745.0,25221.41015625
394,2022-03-08,4805.0,4545.0,4605.0,4680.0,24790.94921875
395,2022-03-09,4795.0,4665.0,4780.0,4680.0,24717.529296875
396,2022-03-10,4960.0,4830.0,4960.0,4850.0,25690.400390625
397,2022-03-11,4840.0,4550.0,4825.0,4655.0,25162.779296875
398,2022-03-14,4830.0,4705.0,4720.0,4745.0,25307.849609375
399,2022-03-15,4905.0,4715.0,4730.0,4805.0,25346.48046875
400,2022-03-16,5060.0,4910.0,4945.0,4985.0,25762.009765625
401,2022-03-17,5340.0,5210.0,5240.0,5250.0,26652.890625
402,2022-03-18,5330.0,5250.0,5260.0,5320.0,26827.4296875
403,2022-03-22,5430.0,5260.0,5320.0,5310.0,27224.109375
404,2022-03-23,5650.0,5460.0,5470.0,5630.0,28040.16015625
405,2022-03-24,5670.0,5480.0,5480.0,5670.0,28110.390625
406,2022-03-25,5780.0,5650.0,5730.0,5730.0,28149.83984375
407,2022-03-28,5730.0,5660.0,5730.0,5660.0,27943.890625
408,2022-03-29,5820.0,5720.0,5750.0,5790.0,28252.419921875
409,2022-03-30,5850.0,5570.0,5830.0,5660.0,28027.25
410,2022-03-31,5650.0,5510.0,5560.0,5550.0,27821.4296875
411,2022-04-01,5520.0,5390.0,5430.0,5490.0,27665.98046875
412,2022-04-04,5490.0,5410.0,5450.0,5480.0,27736.470703125
413,2022-04-05,5600.0,5450.0,5560.0,5480.0,27787.98046875
414,2022-04-06,5370.0,5210.0,5350.0,5230.0,27350.30078125
415,2022-04-07,5100.0,5030.0,5100.0,5070.0,26888.5703125
416,2022-04-08,5140.0,4960.0,5120.0,4985.0,26985.80078125
417,2022-04-11,5140.0,4925.0,4970.0,5030.0,26821.51953125
418,2022-04-12,5020.0,4850.0,5010.0,4905.0,26334.98046875
419,2022-04-13,5060.0,4950.0,4960.0,5030.0,26843.490234375
420,2022-04-14,5180.0,5080.0,5130.0,5140.0,27172.0
421,2022-04-15,5070.0,4960.0,4980.0,5020.0,27093.189453125
422,2022-04-18,5010.0,4905.0,4995.0,4955.0,26799.7109375
423,2022-04-19,5110.0,4990.0,5040.0,5090.0,26985.08984375
424,2022-04-20,5200.0,5060.0,5180.0,5080.0,27217.849609375
425,2022-04-21,5270.0,5080.0,5080.0,5220.0,27553.060546875
426,2022-04-22,5180.0,5090.0,5120.0,5140.0,27105.259765625
427,2022-04-25,5150.0,5030.0,5070.0,5100.0,26590.779296875
428,2022-04-26,5170.0,5060.0,5160.0,5140.0,26700.109375
429,2022-04-27,5060.0,4900.0,4990.0,5030.0,26386.630859375
430,2022-04-28,5200.0,5010.0,5050.0,5180.0,26847.900390625
431,2022-05-02,5410.0,5170.0,5190.0,5360.0,26818.529296875
432,2022-05-06,5390.0,5270.0,5340.0,5380.0,27003.560546875
433,2022-05-09,5430.0,5300.0,5320.0,5340.0,26319.33984375
434,2022-05-10,5300.0,5090.0,5260.0,5230.0,26167.099609375
435,2022-05-11,5130.0,4945.0,4980.0,4955.0,26213.640625
436,2022-05-12,4935.0,4760.0,4850.0,4865.0,25748.720703125
437,2022-05-13,5030.0,4880.0,4905.0,4985.0,26427.650390625
438,2022-05-16,5160.0,4975.0,5080.0,4990.0,26547.05078125
439,2022-05-17,5010.0,4920.0,4990.0,4965.0,26659.75
440,2022-05-18,5150.0,5020.0,5040.0,5130.0,26911.19921875
441,2022-05-19,5100.0,4910.0,4940.0,5080.0,26402.83984375
442,2022-05-20,5170.0,5060.0,5130.0,5140.0,26739.029296875
443,2022-05-23,5220.0,5130.0,5210.0,5170.0,27001.51953125
444,2022-05-24,5210.0,5090.0,5200.0,5140.0,26748.140625
445,2022-05-25,5180.0,5070.0,5140.0,5100.0,26677.80078125
446,2022-05-26,5120.0,4920.0,5090.0,4950.0,26604.83984375
447,2022-05-27,5130.0,5020.0,5070.0,5050.0,26781.6796875
448,2022-05-30,5270.0,5130.0,5150.0,5230.0,27369.4296875
449,2022-05-31,5350.0,5200.0,5240.0,5310.0,27279.80078125
450,2022-06-01,5320.0,5250.0,5310.0,5300.0,27457.890625
451,2022-06-02,5670.0,5460.0,5480.0,5620.0,27413.880859375
452,2022-06-03,5800.0,5600.0,5640.0,5720.0,27761.5703125
453,2022-06-06,5650.0,5520.0,5620.0,5620.0,27915.890625
454,2022-06-07,5830.0,5590.0,5660.0,5790.0,27943.94921875
455,2022-06-08,5830.0,5750.0,5790.0,5780.0,28234.2890625
456,2022-06-09,5750.0,5550.0,5750.0,5650.0,28246.529296875
457,2022-06-10,5610.0,5450.0,5580.0,5480.0,27824.2890625
458,2022-06-13,5310.0,5240.0,5290.0,5260.0,26987.439453125
459,2022-06-14,5360.0,5140.0,5170.0,5340.0,26629.859375
460,2022-06-15,5380.0,5130.0,5360.0,5160.0,26326.16015625
461,2022-06-16,5370.0,5180.0,5300.0,5180.0,26431.19921875
462,2022-06-17,5010.0,4875.0,4965.0,4970.0,25963.0
463,2022-06-20,5030.0,4770.0,5030.0,4825.0,25771.220703125
464,2022-06-21,5000.0,4820.0,4920.0,4945.0,26246.310546875
465,2022-06-22,5010.0,4770.0,5000.0,4770.0,26149.55078125
466,2022-06-23,4845.0,4700.0,4725.0,4760.0,26171.25
